Best K,Accuracy,Sensitivity,Specificity,MSE,G-Mean,FPR,Error Rate,Precision
5,0.8636363636363636,0.9166666666666666,0.8170731707317073,0.13636363636363635,0.8654384668117071,0.18292682926829268,0.13636363636363635,0.8148148148148148
